title,slug,description,category,niche,content,tools,affiliate_links
"YouTube Growth Playbook: 0 to 1K Subscribers","youtube-growth-0-to-1k","Proven strategies to get your first 1000 YouTube subscribers",Growth,YouTubers,"## The Challenge

Getting your first 1000 subscribers on YouTube is often the hardest milestone. Most creators give up before reaching it.

## The Solution

### 1. Find Your Niche
Focus on a specific topic where you can add unique value. Don't try to be everything to everyone.

### 2. Create Consistent Content
- Post at least 2-3 times per week
- Stick to a publishing schedule
- Batch create content to stay ahead

### 3. Optimize for Discovery
- Use keyword research tools
- Write compelling titles (under 60 characters)
- Create custom thumbnails with high contrast
- Front-load value in first 30 seconds

### 4. Engage Your Audience
- Respond to every comment in first 24 hours
- Ask questions to encourage discussion
- Create community posts between videos

### 5. Collaborate & Cross-Promote
- Partner with creators in your niche
- Guest on podcasts
- Share behind-the-scenes on other platforms

## Timeline

- Week 1-4: Research & setup
- Week 5-12: Publish 24+ videos
- Week 13+: Analyze, iterate, scale","[{""name"":""TubeBuddy"",""link"":""https://tubebuddy.com"",""description"":""YouTube optimization tool for keyword research""},{""name"":""Canva"",""link"":""https://canva.com"",""description"":""Create eye-catching thumbnails""}]","[{""name"":""TubeBuddy Pro"",""url"":""https://tubebuddy.com/pricing"",""description"":""Unlock advanced keyword research and A/B testing"",""price"":""$9/month""}]"
"Etsy First Sale Playbook","etsy-first-sale","How to get your first sale on Etsy within 30 days",Monetization,Etsy Sellers,"## The Problem

You listed your products on Etsy but weeks have passed with zero sales. Your shop feels invisible.

## The Fix

### Step 1: Optimize Your Listings

- **Title**: Include 3-5 relevant keywords
- **Photos**: Use all 10 slots, first image must pop
- **Description**: Tell a story, include size/materials
- **Tags**: Use all 13, mix broad and specific
- **Price**: Research competitors, don't undercut yourself

### Step 2: Drive Initial Traffic

- Share on Pinterest (huge Etsy traffic source)
- Post to relevant Facebook groups
- Use Instagram Stories with product links
- Ask friends/family to favorite your shop

### Step 3: Offer Launch Promotion

- 15-20% off for first week
- Free shipping on first order
- Bundle discount for multiple items

### Step 4: Get Reviews Fast

- Include thank-you note with purchase
- Follow up email asking for review
- Offer small gift for review (within Etsy rules)

## What Happens Next

Once you get 1-5 sales, Etsy's algorithm starts showing you in search. Focus on getting those first sales by any means necessary.","[{""name"":""Everbee"",""link"":""https://everbee.io"",""description"":""Etsy product research tool""},{""name"":""Marmalead"",""link"":""https://marmalead.com"",""description"":""SEO optimization for Etsy""}]","[{""name"":""Everbee Chrome Extension"",""url"":""https://everbee.io"",""description"":""Find winning products on Etsy"",""price"":""Free + Paid plans""}]"
"Freelancer Pricing Playbook","freelancer-pricing","Confidently price your freelance services and stop undercharging",Pricing,Freelancers,"## Why Freelancers Undercharge

Most freelancers price based on fear, not value. You think clients will say no if you charge what you're worth.

## The Value-Based Pricing Framework

### 1. Calculate Your Baseline

- Desired annual income: $80,000
- Billable hours/year: ~1200 (60% of work time)
- **Minimum hourly rate: $67**

### 2. Add Value Multipliers

- Specialized skill: +30%
- Urgent timeline: +25%
- Complex project: +20%
- High client budget: +40%

### 3. Package Your Services

Instead of hourly, offer:
- **Starter**: Basic deliverable ($1500)
- **Pro**: Full service ($3500)
- **Premium**: White-glove + ongoing ($7500)

### 4. Anchor High

Present your highest price first. It makes mid-tier seem reasonable.

### 5. Don't Negotiate Down

If client pushes back, remove scope instead of lowering price.

## Scripts

**When asked your rate:**
> ""My rate is $X for this type of project. That includes [deliverables]. Does that work with your budget?""

**Handling objections:**
> ""I understand budget is a concern. I could reduce the scope to [subset] for $Y instead.""

## Result

You'll lose some low-budget clients. That's good. You'll attract clients who value quality and pay on time.","[{""name"":""Notion"",""link"":""https://notion.so"",""description"":""Track proposals and pricing tiers""},{""name"":""Bonsai"",""link"":""https://bonsai.io"",""description"":""Freelance contracts and invoicing""}]","[]"
"SaaS Marketing Playbook for Solo Founders","saas-marketing-solo","Launch and grow your SaaS without a marketing team",Marketing,SaaS Founders,"## The Solo Founder Marketing Challenge

You built a great product but don't have time/budget for full marketing team.

## The Lean Marketing Stack

### Content Marketing (Weeks 1-8)

- Write 1 in-depth blog post per week
- Repurpose into 5 tweets + LinkedIn post
- Build SEO authority over time

### Product-Led Growth (Weeks 2-12)

- Free tier or trial
- In-app referral prompts
- Public roadmap (build in public)

### Community Building (Ongoing)

- Start Discord/Slack for power users
- Weekly ""office hours"" live stream
- Feature user success stories

### Partnerships (Weeks 4+)

- Integration partnerships
- Affiliate program (15-20%)
- Co-marketing with complementary tools

### Paid Ads (Only After Product-Market Fit)

- Start with $500/month budget
- Test LinkedIn + Twitter ads
- Focus on retargeting first

## Weekly Time Budget

- 5 hours: Content creation
- 3 hours: Community engagement
- 2 hours: Analytics & optimization

## Success Metrics

- Month 1: 100 signups
- Month 3: 500 signups, 50 paying
- Month 6: 2000 signups, 200 paying","[{""name"":""Plausible"",""link"":""https://plausible.io"",""description"":""Privacy-friendly analytics""},{""name"":""Beehiiv"",""link"":""https://beehiiv.com"",""description"":""Newsletter platform for founders""}]","[{""name"":""Beehiiv Grow Plan"",""url"":""https://beehiiv.com/pricing"",""description"":""Advanced newsletter features"",""price"":""$49/month""}]"
"Indie Hacker Motivation Playbook","indie-hacker-motivation","Stay motivated when building alone with no traction",Motivation,Indie Hackers,"## The 3-Month Slump

You've been building for months. No users. No revenue. You're questioning everything.

## Why Most Quit

- Comparing to others' highlight reels
- No external validation
- Unclear progress metrics
- Isolation

## The Anti-Slump System

### 1. Redefine Success Metrics

Stop measuring:
- Revenue (too early)
- Users (vanity metric)

Start measuring:
- Hours shipped
- Learning velocity
- Customer conversations

### 2. Build Momentum Rituals

**Morning:**
- Review yesterday's wins (no matter how small)
- Set ONE goal for today
- 30-min deep work block first thing

**Evening:**
- Log what you shipped
- Note what you learned
- Plan tomorrow's ONE thing

### 3. Find Your People

- Join Indie Hackers community
- Find 1-2 accountability buddies
- Share weekly progress publicly

### 4. Celebrate Micro-Wins

- First signup (even if it's your mom)
- First dollar (even if it's $1)
- First feedback (even if negative)

### 5. Set Quit Criteria

Define in advance when you'll pivot/quit. Until then, keep building.

> ""I'll work on this for 6 months. If I don't have 10 paying customers by then, I'll pivot.""

## The Truth

Most successful indie hackers took 2-3 years to hit $10k MRR. You're not behind. You're just getting started.","[{""name"":""Notion"",""link"":""https://notion.so"",""description"":""Track your daily wins""},{""name"":""WIP.chat"",""link"":""https://wip.chat"",""description"":""Accountability community for makers""}]","[]"
"Product Launch Checklist","product-launch-checklist","Ship your MVP and get your first 100 users in 30 days",Product,Indie Hackers,"## Pre-Launch (Week 1-2)

### Build Your Landing Page
- Clear value proposition (5 seconds test)
- Email signup form
- Social proof (even testimonials from beta testers)
- Launch date countdown

### Seed Your Audience
- Post in relevant communities (not spam)
- DM 50 people who'd benefit
- Line up 5-10 people to share on launch day

## Launch Week (Week 3)

### Day 1: Product Hunt
- Ship at 12:01am PST
- Respond to every comment
- Ask friends to upvote (don't brigade)

### Day 2-3: Community Launches
- IndieHackers
- Reddit (relevant subreddits)
- HackerNews (if truly innovative)
- Twitter thread

### Day 4-5: Direct Outreach
- Email your list
- DM beta users
- Reach out to micro-influencers

## Post-Launch (Week 4)

### Analyze & Iterate
- What drove most signups?
- Which messaging resonated?
- What questions came up repeatedly?

### Keep Momentum
- Ship feature updates weekly
- Share wins publicly
- Start case studies

## Tools You Need

- Landing page: Carrd or Webflow
- Email: ConvertKit or Buttondown
- Analytics: Plausible or Fathom
- Feedback: Canny or Nolt

## Success = 100 Users, Not 10,000

Focus on getting 100 engaged users who love your product. Not 10,000 tire-kickers.","[{""name"":""Carrd"",""link"":""https://carrd.co"",""description"":""Simple landing page builder""},{""name"":""ConvertKit"",""link"":""https://convertkit.com"",""description"":""Email marketing for creators""}]","[]"
"Cold Email Playbook for Freelancers","cold-email-freelancers","Get 10-20% reply rate on cold outreach",Marketing,Freelancers,"## Why Your Cold Emails Fail

- Too long
- About you, not them
- Generic templates
- No clear CTA

## The 3-Sentence Formula

### Sentence 1: Personalized Hook
Mention something specific about them/their business.

> ""I noticed your recent blog post about [topic] - great insights on [specific point].""

### Sentence 2: Value Prop
What's in it for them (NOT what you do).

> ""I help [niche] companies reduce [pain point] by [outcome] without [objection].""

### Sentence 3: Soft CTA
Make it easy to say yes.

> ""Would it make sense to have a quick 15-min call to see if there's a fit?""

## Example Email

**Subject:** Quick question about [Company]'s SEO strategy

Hi [Name],

I noticed [Company] ranks well for [keyword] but is missing out on [related keyword] - there's a gap there worth exploring.

I help SaaS companies like yours increase organic traffic 30-50% within 90 days through strategic content.

Would a 15-min call make sense to explore if this could work for [Company]?

Thanks,
[Your Name]

## Volume Strategy

- Send 20-30 emails per day
- Personalize first sentence
- Test 2-3 subject lines
- Follow up after 3 days

## Metrics

- Open rate: 40-60% (good subject line)
- Reply rate: 10-20% (good personalization)
- Conversion: 2-5% to client

Out of 100 emails → 15 replies → 3 clients","[{""name"":""Hunter.io"",""link"":""https://hunter.io"",""description"":""Find email addresses""},{""name"":""Mailtrack"",""link"":""https://mailtrack.io"",""description"":""Track email opens""}]","[]"
"YouTube Algorithm Playbook","youtube-algorithm-guide","Understand and leverage the YouTube algorithm for growth",Growth,YouTubers,"## How the Algorithm Actually Works

YouTube wants ONE thing: session time. The longer viewers stay on YouTube, the more ads they see.

So YouTube promotes videos that:
1. Get clicked (CTR)
2. Get watched (Retention)
3. Lead to more watching (Session time)

## The 3 Metrics That Matter

### 1. Click-Through Rate (CTR)
**Goal: 8-12% for new channels**

- Test 3+ thumbnail variations
- Use contrasting colors (red, yellow, blue)
- Include faces with clear emotions
- Title = curiosity + clarity

### 2. Average View Duration (AVD)
**Goal: 50%+ for first 30 days**

- Hook viewers in first 8 seconds
- Promise payoff early
- Use pattern interrupts (every 30-60 sec)
- Cut out fluff

### 3. Session Watch Time
**Goal: Viewers watch 2+ of your videos**

- End screens to suggest next video
- Playlists auto-play
- Consistent content format

## The Algorithm Boost Triggers

- High CTR in first 1 hour → Algorithm tests wider
- High retention → Gets pushed to Browse features
- High session time → Suggested next to big channels

## What Kills Your Reach

- Clickbait that doesn't deliver
- Slow intros (over 10 seconds)
- Topic too niche (under 1K searches/mo)
- Inconsistent uploads (confuses algorithm)

## Pro Tips

1. First 48 hours matter most
2. Promote to existing audience first (warm traffic = better metrics)
3. One great video > ten mediocre ones
4. Don't game the system - deliver value","[{""name"":""VidIQ"",""link"":""https://vidiq.com"",""description"":""YouTube analytics and optimization""},{""name"":""TubeBuddy"",""link"":""https://tubebuddy.com"",""description"":""Keyword research for YouTube""}]","[{""name"":""VidIQ Boost Plan"",""url"":""https://vidiq.com/pricing"",""description"":""Advanced analytics and competitor tracking"",""price"":""$39/month""}]"
"SaaS Retention Playbook","saas-retention-playbook","Reduce churn and keep customers longer",Product,SaaS Founders,"## The Churn Problem

15% monthly churn = losing all customers in 7 months. Even with new signups, it's a leaky bucket.

## The Retention Framework

### Phase 1: Onboarding (Day 0-7)

**Goal: First ""Aha!"" moment in 5 minutes**

- Simplify signup (email only)
- Show value before asking for data
- Checklist to first win
- Email/in-app nudges

### Phase 2: Activation (Week 1-4)

**Goal: Form habit, hit 3 core actions**

- Weekly product tips email
- In-app notifications for unused features
- ""Quick wins"" achievements
- Customer success check-in

### Phase 3: Retention (Month 2+)

**Goal: Become part of their workflow**

- Usage analytics dashboard
- Quarterly business reviews
- Feature releases based on feedback
- Community access (Slack/Discord)

## Churn Warning Signs

- Login frequency drops 50%
- Support tickets spike
- No new team members added
- Downgrade to lower plan
- Cancel renewal auto-pay

## Intervention Tactics

**When they try to cancel:**
1. Offer pause instead of cancel (30-60 days)
2. Survey reason (be genuinely curious)
3. Offer concierge onboarding call
4. Give discount as last resort

## Retention Metrics to Track

- Day 7 activation rate
- Day 30 retention rate
- Net Revenue Retention (should be >100%)
- Customer Health Score (usage + support + NPS)

## The Truth

Retention is built into product, not bolted on. Every feature should ask: ""Does this make the product stickier?""","[{""name"":""Churn"",""link"":""https://churn.io"",""description"":""Churn prediction and prevention""},{""name"":""Intercom"",""link"":""https://intercom.com"",""description"":""In-app messaging and support""}]","[]"
"Content Creator Monetization Playbook","content-creator-monetization","Turn your audience into income (without selling out)",Monetization,Content Creators,"## The Monetization Ladder

### Rung 1: Ad Revenue (Lowest Effort, Lowest Pay)
- YouTube Partner Program ($3-5 per 1K views)
- Blog display ads ($1-3 per 1K views)
- Podcast sponsorships ($18-50 per 1K downloads)

**Minimum viable audience: 10K followers**

### Rung 2: Affiliate Marketing
- Recommend tools you actually use
- 5-30% commission on sales
- Works best with tutorials/reviews

**Best for: 5K+ engaged followers**

### Rung 3: Digital Products
- Templates ($20-50)
- Guides/Ebooks ($30-100)
- Online courses ($200-2000)

**Best for: 1K+ email subscribers**

### Rung 4: Services/Consulting
- Coaching ($150-500/hr)
- Consulting ($5K-20K/project)
- Done-for-you services ($10K+)

**Best for: Established authority (2+ years)**

### Rung 5: Membership/Community
- Patreon ($5-50/mo per member)
- Private Discord ($10-100/mo)
- Mastermind groups ($500-5K/mo)

**Best for: Loyal fans willing to pay for access**

## The Timing

- Under 1K followers: Focus on growth, not money
- 1K-10K: Test affiliate + small digital products
- 10K-50K: Launch flagship product/service
- 50K+: Premium offerings + partnerships

## Revenue Mix (Healthy Creator)

- 40% Digital products
- 30% Services
- 20% Memberships
- 10% Ads/Affiliates

Diversification = stability.

## Don't Sell Out

- Only promote what you'd recommend to a friend
- Disclose all partnerships
- Value = free content, Premium = your time

Your audience will pay for access, not content.","[{""name"":""Gumroad"",""link"":""https://gumroad.com"",""description"":""Sell digital products""},{""name"":""ConvertKit"",""link"":""https://convertkit.com"",""description"":""Build and monetize email list""}]","[{""name"":""Gumroad Pro"",""url"":""https://gumroad.com"",""description"":""Lower fees and custom domain"",""price"":""$10/month""}]"
